Regions,Sectors,INIT_KAP
GLD,A,1.006478305247832
GLD,B,2.2271151945181167
GLD,C,2.0081977887610516
GLD,D,1.3241559534920435
GLD,E,0.6992216068285426
GLD,F,1.1491642761364298
GLD,G,1.5436107086319826
GLD,H,0.9429661228715963
GLD,I,1.8014720322118247
GLD,J,1.1569869029497242
GLD,K,3.6324635137350914
GLD,L,8.35336621040887
GLD,M,0.9243663342323317
GLD,N,0.8342327630842405
GLD,O,1.2149128159610763
GLD,P,0.7549302113144417
GLD,Q,1.178551388004295
GLD,R,0.6994235080023428
GLD,S,0.9647489679661243
