Regions,Sectors,INIT_KAP
GLD,A,0.9027310683259042
GLD,B,1.0807512337181022
GLD,C,1.7919560103400722
GLD,D,0.9027668278540841
GLD,E,0.9027170134041546
GLD,F,0.9027522867882956
GLD,G,0.9029039876326034
GLD,H,0.9027999182749235
GLD,I,0.9030853597556707
GLD,J,0.9027363170097598
GLD,K,1.4582622970954773
GLD,L,2.4975298789312235
GLD,M,0.9027365498079649
GLD,N,0.9027633203657376
GLD,O,0.9027495890155457
GLD,P,0.9027524557069807
GLD,Q,0.9027565276393708
GLD,R,0.902746526011236
GLD,S,0.9028296564254199
