Regions,Sectors,INIT_KAP
GLD,A,1.0064786539536614
GLD,B,2.2271151579087434
GLD,C,2.0081977602568823
GLD,D,1.3241559745441096
GLD,E,0.699221583462901
GLD,F,1.1491642738147225
GLD,G,1.543610685497137
GLD,H,0.9429661122264884
GLD,I,1.8014720174928645
GLD,J,1.15698685252819
GLD,K,3.632463440642329
GLD,L,8.353365999238923
GLD,M,0.924366659475778
GLD,N,0.834232816246504
GLD,O,1.214912800414431
GLD,P,0.7549302041920783
GLD,Q,1.1785513752446568
GLD,R,0.6994233832712492
GLD,S,0.964748953168722
