Regions,Sectors,INIT_KAP
GLD,A,1.0498791060320292
GLD,B,2.3879128550923605
GLD,C,2.1750236995574554
GLD,D,1.3959914628605363
GLD,E,0.6001161856145656
GLD,F,1.2108781128490351
GLD,G,1.668679895929587
GLD,H,1.005799741216383
GLD,I,1.9361744831319139
GLD,J,1.2200669009178013
GLD,K,3.9628463549862087
GLD,L,9.32667326452885
GLD,M,0.9603682472953028
GLD,N,0.8678792354749354
GLD,O,1.3083396629579767
GLD,P,0.770309384284578
GLD,Q,1.2775738708422495
GLD,R,0.6187586890658353
GLD,S,1.0307113374325796
