Regions,Sectors,INIT_KAP
GLD,A,1.022926083642502
GLD,B,2.2933982583617443
GLD,C,2.074770773365814
GLD,D,1.3525314783058984
GLD,E,0.6644450265528552
GLD,F,1.1726602563682091
GLD,G,1.5927476208131954
GLD,H,0.9661420141175194
GLD,I,1.854795018426991
GLD,J,1.181529720184795
GLD,K,3.7692210400641684
GLD,L,8.77283845950299
GLD,M,0.9372627516712342
GLD,N,0.8451884595247817
GLD,O,1.2507928962862471
GLD,P,0.7572404755605368
GLD,Q,1.2157591917131232
GLD,R,0.6647451916842791
GLD,S,0.9895497538356977
