Regions,Sectors,INIT_KAP
GLD,A,1.0373092059341296
GLD,B,2.3457519737527033
GLD,C,2.129652194694395
GLD,D,1.3761813570735746
GLD,E,0.6314357167694461
GLD,F,1.1931192880052488
GLD,G,1.6340824374604226
GLD,H,0.9872176394808382
GLD,I,1.8991822897247623
GLD,J,1.2024085100337527
GLD,K,3.8771694712308946
GLD,L,9.087760004011724
GLD,M,0.9493027394592753
GLD,N,0.8566779637217269
GLD,O,1.2818322220406413
GLD,P,0.7630207354464279
GLD,Q,1.248984760069362
GLD,R,0.6320352296853091
GLD,S,1.0115754146852223
