Regions,Sectors,INIT_KAP
GLD,A,0.8577144820203416
GLD,B,1.1380166791695963
GLD,C,2.1850558793060126
GLD,D,0.8578091322117183
GLD,E,0.8576931998538162
GLD,F,0.8577479151511802
GLD,G,0.8701960871380743
GLD,H,0.8578268379120635
GLD,I,0.8973499353217246
GLD,J,0.8577228797956025
GLD,K,1.6568255761792614
GLD,L,3.21986219822974
GLD,M,0.857722654115662
GLD,N,0.8577696659973948
GLD,O,0.857762868054686
GLD,P,0.8577468454170051
GLD,Q,0.857781923143997
GLD,R,0.8577392731056185
GLD,S,0.8579033552531707
