Regions,Sectors,INIT_KAP
GLD,A,0.7743286943449394
GLD,B,1.272424330686625
GLD,C,2.9486900201814494
GLD,D,0.8121665305628016
GLD,E,0.7742900640500411
GLD,F,0.7744351188466668
GLD,G,0.911359085675095
GLD,H,0.7745588717328907
GLD,I,0.959575835466075
GLD,J,0.774379723856039
GLD,K,2.012646656154964
GLD,L,4.383687644597709
GLD,M,0.7743414347501097
GLD,N,0.7745013673433947
GLD,O,0.776983919356968
GLD,P,0.7743833259256786
GLD,Q,0.7887751333651724
GLD,R,0.7743754914217024
GLD,S,0.7758787716425019
