Regions,Sectors,INIT_KAP
GLD,A,0.761840316060916
GLD,B,1.481364903824729
GLD,C,5.388433503789938
GLD,D,1.111564570265054
GLD,E,0.26586055765699496
GLD,F,0.9839114151043326
GLD,G,1.5369154361460862
GLD,H,0.9076501850986868
GLD,I,1.350561981429747
GLD,J,1.0054246147347676
GLD,K,3.7211364329683616
GLD,L,8.663067265295231
GLD,M,0.606018204546413
GLD,N,0.8088170513085506
GLD,O,1.1349507713762836
GLD,P,0.6526355358706677
GLD,Q,1.1551608311635564
GLD,R,0.4928173877230236
GLD,S,1.0871598920193477
