Regions,Sectors,INIT_KAP
GLD,A,0.9501175576605225
GLD,B,1.025052746075491
GLD,C,1.3821011959839353
GLD,D,0.9501293032439219
GLD,E,0.9501105501296732
GLD,F,0.9501275208805253
GLD,G,0.9501501611622919
GLD,H,0.9501479430015071
GLD,I,0.9501620120982769
GLD,J,0.9501201506776272
GLD,K,1.2391701528588923
GLD,L,1.714985124627584
GLD,M,0.950120110074824
GLD,N,0.9501296893206895
GLD,O,0.9501260406452858
GLD,P,0.9501281353139199
GLD,Q,0.9501276652404645
GLD,R,0.9501245752265103
GLD,S,0.9501534301266762
